,precision,recall,f1-score,support
0.0,0.9584199584199584,0.9604166666666667,0.959417273673257,480.0
1.0,1.0,1.0,1.0,600.0
2.0,0.9404388714733543,0.9375,0.9389671361502347,320.0
accuracy,0.9721428571428572,0.9721428571428572,0.9721428571428572,0.9721428571428572
macro avg,0.9662862766311043,0.9659722222222222,0.9661281366078306,1400.0
weighted avg,0.9721300135093239,0.9721428571428572,0.9721355535223133,1400.0
