,precision,recall,f1-score,support
0,0.968421053,0.958333333,0.963350785,480
1,1,1,1,600
2,0.938461538,0.953125,0.945736434,320
,,,,
accuracy,,,0.975,1400
macro avg,0.968960864,0.970486111,0.96969574,1400
weighted avg,0.975106998,0.975,0.975031454,1400
